{
  "Messe Erfurt": [
    50.95932,
    10.98967
  ],
  "Gothaer Platz, Erfurt": [
    50.97135,
    11.01139
  ],
  "Blumenstraße, Erfurt": [
    50.98432,
    11.00614
  ],
  "Clara-Zetkin-Straße, Erfurt": [
    50.97242,
    11.04254
  ],
  "Geratalstraße, Erfurt": [
    50.9482,
    10.99577
  ],
  "Winzerstraße, Erfurt": [
    50.9589,
    11.00043
  ],
  "Binderslebener Landstraße, Erfurt": [
    50.97704,
    11.01187
  ],
  "Hauptfriedhof, Erfurt": [
    50.97294,
    10.99332
  ],
  "Schmira, Erfurt": [
    50.95361,
    10.97081
  ],
  "Brühler Herrenberg, Erfurt": [
    50.97272,
    11.00602
  ],
  "Wartburgstraße, Erfurt": [
    50.96143,
    11.00288
  ],
  "Cyriakstraße, Erfurt": [
    50.96534,
    11.01026
  ],
  "Eisenacher Straße, Erfurt": [
    50.95613,
    10.97656
  ],
  "Domplatz, Erfurt": [
    50.97689,
    11.02384
  ],
  "Anger, Erfurt": [
    50.9751,
    11.0328
  ],
  "Willy-Brandt-Platz, Erfurt": [
    50.97404,
    11.03816
  ],
  "Petersberg, Erfurt": [
    50.9771,
    11.01651
  ],
  "Bahnhof Erfurt": [
    50.97229,
    11.03808
  ],
  "Frienstedt, Erfurt": [
    50.95608,
    10.90877
  ],
  "Bindersleben, Erfurt": [
    50.97452,
    10.94897
  ],
  "Gispersleben, Erfurt": [
    51.01889,
    10.99087
  ],
  "Gottstedt, Erfurt": [
    50.96919,
    10.91043
  ],
  "Alach, Erfurt": [
    50.98731,
    10.92858
  ],
  "Bischleben, Erfurt": [
    50.93516,
    10.98982
  ],
  "Molsdorf, Erfurt": [
    50.90443,
    10.96088
  ],
  "Stotternheim, Erfurt": [
    51.05607,
    11.04276
  ],
  "Mittelhausen, Erfurt": [
    51.04051,
    11.00485
  ],
  "Hohenwinden, Erfurt": [
    51.01657,
    11.03802
  ],
  "Erfurter Kreuz": [
    50.93572,
    10.8888
  ],
  "Messe Erfurt (manuell)": [
    50.939,
    10.989
  ],
  "Messe-Vorplatz": [
    50.95932,
    10.98967
  ]
}